zone_id,int,out,relative_error_percent
1,0,0.03448820799451804,100
2,0.031855359789039056,0.03903941400015754,10.133404519323312
3,0,0.01231239262021054,100
4,0,0.03625523961527944,100
5,0.03625523961527944,0.07625210914452474,35.55045067734731
6,0.07657597874894227,0.08408663475238998,4.674800091799468
7,0.016932707567525677,0.020765617062773543,10.167320518448841
8,0,0.015453909665377187,100
9,0.015453909665377187,0.047888843004749715,51.2054370423172
10,0.015493372135049702,0.047605329513175275,50.89162936687606
11,0.005686599323601254,0.011470210304285642,33.71029408220298
12,0.007553627084077856,0.0050571206820900876,19.79665637818389
13,0,0.022511092974875305,100
14,0.021407116496860026,0.02229599565046707,2.033903559569293
15,0,0.008719494685459885,100
16,0,0.02779686047600399,100
17,0.02779686047600399,0.06086799754310835,37.29903572391178
18,0.0603758983032676,0.07747295503174093,12.402755855301194
19,0.005381841310112772,0.02377115914391581,63.07864558504427
20,0,0.011287602879933295,100
21,0.011287602879933295,0.032259304289646774,48.15887688199216
22,0.009306940525256449,0.049003068454702696,68.07772563212879
23,0.000009867089081947442,0.0036129730620000577,99.45528432553115
24,0,0.004193236532493823,100
25,0.001108539991897105,0.021318621467617756,90.11430854592791
26,0.010127892533995856,0.020543528425193996,33.95876540919563
27,0.0000019786473130343645,0.012039173981784413,99.967135250686
28,0,0.03283219757548379,100
29,0.03283219757548379,0.07097788700994632,36.7456491214692
30,0.068588675150192,0.0850963757692851,10.741253310149382
31,0.014910247200517958,0.022065655422230344,19.351544422637673
32,0,0.013232780516460733,100
33,0.013232780516460733,0.041786916671237795,51.89802491526849
34,0.012313900871603202,0.0433845933007203,55.78372071063292
35,0,0.013844742605198952,100
36,0,0.017927393031875724,100
37,0.01124727387643092,0.04457941451524572,59.70646226578682
38,0.006261819155485431,0.030560674186687068,65.98916267131851
39,0.00009873231353153045,0.016685271998456815,98.82349513624696
40,0,0.02563743619507288,100
41,0.02563743619507288,0.05116502621402369,33.23798380704951
42,0.0507174291730713,0.0787705822979659,21.664672123850853
43,0.005965797828534338,0.018804646724937566,51.83132207695359
44,0,0.010808684098291981,100
45,0.010808684098291981,0.030746653664810903,47.9793226087598
46,0.01018320687391043,0.038823888205445606,58.44190781999625
47,0,0,0
48,0,0,0
49,0,0.13361672381847045,100
50,0.013710694243070936,0.0482355960874451,55.73360674249525
51,0.000010002011240824234,0.021093198929141074,99.90520858642175
52,0,0.02604092489247084,100
53,0.02604092489247084,0.05739328742104687,37.577345862347684
54,0.056781877143597254,0.07487742792245308,13.744224739586558
55,0.010447289905640844,0.01883098999922739,28.634537687415683
56,0,0.012505059812581414,100
57,0.012505059812581414,0.048870244848667185,59.250516533967065
58,0.016241928932297225,0.04011941180002893,42.36500153736892
59,0,0.006480869715414523,100
60,0,0.0035216077349790515,100
61,0,0.08711128040265945,100
62,0.022713631035008102,0.050793293876667006,38.200023841833996
63,0,0.019365579674031533,100
64,0,0.019877202667855094,100
65,0.019877202667855094,0.0400902534069699,33.706700370770726
66,0.040084606660508934,0.0677547878545525,25.6586948753491
67,0.0028075270431375428,0.021112682427688052,76.52589918527464
68,0,0.008829465339842725,100
69,0.008829465339842725,0.023416492704454513,45.23676221550977
70,0.007255164165619909,0.03174242507049299,62.791729910825275
71,0.006480869715414523,0.007823286757720909,9.384803954204312
72,0.0035216077349790515,0.011388530674652496,52.762239514769526
73,0.002633418937378215,0.2831301617363981,98.15692473395727
74,0.3209906031262777,0.4731373935681686,19.158975766526442
75,0.012576870851843301,0.0023133223589819184,68.92824255228433
76,0,0.07464447465663517,100
77,0.07573681934518106,0.22636020931173723,49.859275556667
78,0.2939795536152026,0.34503277944416977,7.989396008139901
79,0.21527271001746454,0.2675262846233549,10.823049589149349
80,0,0.073187565643771,100
81,0.10583688723624529,0.25740951683048746,41.7272209434994
82,0.30483786847115923,0.35618654756551243,7.768045755741726
83,0.07224582290219242,0.13260254373961022,29.46409670083307
84,0.0050571206820900876,0.000010991592970821542,99.56624508794295
85,0,0.24540841880251546,100
86,0.2676478695101735,0.4319159845243929,23.481504092420234
87,0.008959956025184323,0.0017985324486349344,66.56533205363083
88,0,0.07706305593563678,100
89,0.07759623487134976,0.18288200698534146,40.420179191748915
90,0.25489019692065407,0.3188593346885934,11.149314159528684
91,0.2608019934324428,0.2772394939014019,3.055061896883042
92,0,0.07674681859160784,100
93,0.09991196929157634,0.16636110924382,24.955260335644642
94,0.2153641776985227,0.2937039458535082,15.388857508572428
95,0.04888916025597804,0.12848198754947388,44.87360446062884
96,0.004193236532493823,0,100
97,0,0.22101669920062225,100
98,0.24055381574405413,0.39144178295166654,23.87484462217887
99,0.012317384913387476,0.0017075960036697876,75.64922171704349
100,0,0.08719690922852107,100
101,0.08966904487459097,0.22107804613951756,42.28808734333747
102,0.29139822478575483,0.3396291930627876,7.643244479213587
103,0.21631943628075917,0.26891771000699266,10.839704694628232
104,0,0.07433847780606899,100
105,0.10381149360570359,0.22935660701945912,37.68221302645132
106,0.27277688955788953,0.3565962414698839,13.317910755916193
107,0.04698520148878939,0.11165053995826944,40.76341048972289
108,0.017927393031875724,0.000032895598508809105,99.6336851908587
109,0.03932400724152241,0.19996291206134914,67.13233856987476
110,0.22662285622149694,0.3913783704649023,26.659415407116903
111,0.01708871584436583,0.0026439714525035127,73.20211471730983
112,0,0.07346894903980139,100
113,0.07391893807683106,0.19287070568634562,44.58635122850024
114,0.2656740044513527,0.3296689344038989,10.749254887543994
115,0.26015002694723816,0.25554683174062187,0.8926164914652887
116,0,0.06323555387055071,100
117,0.08379900066145118,0.18446503279768528,37.524982696410596
118,0.22328892100313089,0.28669094100089915,12.432259530527745
119,0.032379248771363764,0.07976634735531728,42.254979438001705
120,0,0,0
121,0.12044282224545454,0.26469709854496126,37.45503088941188
122,0.2933928181462336,0.44915455632334683,20.97667348004262
123,0.021558864197640935,0.00710445753189962,50.42823299451904
124,0,0.06545667272469126,100
125,0.0660721052516661,0.22756478399186747,54.99740824670848
126,0.29204428508628566,0.3343140848388215,6.748500823512585
127,0.19652144343296324,0.24416714132928014,10.81164784924536
128,0,0.07016020811391369,100
129,0.10278852403028364,0.2333113639870725,38.83453836499008
130,0.27347414853531243,0.33671413863412814,10.364012457888242
131,0.03242871881503087,0.06165496032832542,31.064092921751303
132,0,0,0
133,0.06439764936765134,0.26367400897054605,60.74171740780723
134,0.30502377185351015,0.46783483178740076,21.0660862371064
135,0.019718187481167455,0.004906033258401241,60.15278363292341
136,0,0.05551977648729468,100
137,0.055525423233755644,0.16926318545636804,50.59765389597768
138,0.23279423197481955,0.3015034807183654,12.85973102845781
139,0.23897789679949388,0.2589502651193608,4.011094339974638
140,0,0.06843152283486166,100
141,0.08459354844780306,0.16104436244861667,31.12337738169874
142,0.1925329367963354,0.2656903381021201,15.965448573514026
143,0.0462035873942279,0.11893475744860403,44.042569352137434
144,0.0038349035905746397,0.0005339841506858991,75.55514436121305
145,0.0011744090963961137,0.33696162108741073,99.30536293588251
146,0.8098345364239465,1.1280727136920985,16.42174450036736
147,0.003795788080312978,0,100
148,0,0.13035033398041956,100
149,0.13035033398041956,0.28312801037368085,36.94937799751452
150,0.4337797243001805,0.6672421016440757,21.204155253114408
151,0.5559476233573837,0.5169938159348413,3.6305623024718487
152,0.011696015859282162,0.1813962834500357,87.88556985325852
153,0.1813962834500357,0.3093893693559069,26.079223215695723
154,0.6048985790979856,0.7956647852866067,13.620676581986974
155,0.22875181155384872,0.3390950932789637,19.43187165167391
156,0.000010991592970821542,0,100
157,0,0.29202665584739573,100
158,0.7237002003847511,1.0552806065251121,18.63878490720341
159,0.0030797983067882575,0,100
160,0,0.14912001803646288,100
161,0.14912001803646288,0.2499876991962853,25.273297609777686
162,0.3316797575228043,0.4653287711053523,16.76883104533274
163,0.47736614809762556,0.5117769335501101,3.478848115195056
164,0.004914286619787374,0.15131920180793215,93.70904833625225
165,0.15131920180793215,0.23090619968544485,20.82200648270932
166,0.4792982691072649,0.6112817472122134,12.102136122975207
167,0.17629892360292268,0.30914447909716297,27.36581746818265
168,0,0,0
169,0,0.32636252179771474,100
170,0.7174273615042467,1.0244722693091979,17.627014919428234
171,0.0034802473917000757,0,100
172,0,0.14576038739150635,100
173,0.14576038739150635,0.26885113167845814,29.68821140403014
174,0.4142302937623139,0.6833246386712699,24.51761975250744
175,0.5588673603444939,0.5241090581368585,3.209516072046764
176,0.00009285519259433358,0.16972464774378365,99.89064119894742
177,0.16972464774378365,0.3016758295402582,27.991312727705935
178,0.6251316121265516,0.8109821845137106,12.94121488296749
179,0.23493912523743699,0.334144793075015,17.43251999314269
180,0.000032895598508809105,0.000007832144680436777,61.539019512847226
181,0.003363937356484237,0.29777661212350287,97.76586888594505
182,0.6887415367312553,1.0473081286859798,20.654166703724346
183,0.004207759727202243,0.0001410943529068391,93.511193969364
184,0,0.1056747263454026,100
185,0.1056747263454026,0.22899925065578453,36.84915254404273
186,0.3172734417597769,0.46765041734887297,19.158160864145778
187,0.4552273118762255,0.4968610731127094,4.3728882625711
188,0.0009211057543736555,0.16444986652491184,98.88601277276395
189,0.16444986652491184,0.22679538955159062,15.935151176500911
190,0.48106301195880824,0.6163789663628735,12.330123785769882
191,0.10888541464765883,0.2251350775711146,34.803152989582365
192,0,0,0
193,0.01953987648617278,0.35447382489658896,89.5512509761369
194,0.803162715951436,1.12386988681952,16.642539955314025
195,0.008827204293420179,0.002793398856150221,51.92334132409487
196,0,0.06969849065101824,100
197,0.06969849065101824,0.2632252984607229,58.12946209883192
198,0.4198489298658086,0.6449057378595159,21.13696373592845
199,0.5169110570567337,0.46902588393443506,4.856819045055696
200,0.0022429374002217255,0.17733123839439274,97.5019376919908
201,0.17733123839439274,0.2814499250692791,22.694629807557675
202,0.5858939115107182,0.76910051885504,13.520838406314942
203,0.1537537509754256,0.2696108642889375,27.365799865245428
204,0,0,0
205,0.009442960261803671,0.3091413625525184,94.07192408064144
206,0.7766235865327833,1.126079094632933,18.366269809745113
207,0.006336425614559423,0.00015474637797254116,95.23209743477524
208,0,0.06266451863396595,100
209,0.06266451863396595,0.21957232295565918,55.594373660770536
210,0.3027040924877455,0.4250120769886027,16.807100024844562
211,0.43122506747194106,0.46999175881115063,4.3015942677297625
212,0.0034627138146775868,0.13832962383022146,95.11579557514665
213,0.13832962383022146,0.21854202900148836,22.476541505831708
214,0.4401296580804256,0.5892641008977112,14.487599280311263
215,0.14463164330885783,0.2493860971308849,26.58622774322701
216,0.0005339841506858991,0,100
217,0,0.07693824896582901,100
218,1.1936240397176037,1.4136201247052231,8.437878123943204
219,0.005106059795309242,0.06799625146939826,86.03037385009642
220,0.060465236193755156,0.12348288039403031,34.25837968294786
221,0.12423748613042045,0.14907986336527143,9.089206111755653
222,0.5279006262753184,0.5344906894272439,0.6203046894794528
223,0.6624668912187148,0.7935947241102561,9.005651375674462
224,0.04993651269993834,0.20383983472837225,60.645258546764346
225,0.20383983472837225,0.1576536088660777,12.776504437549264
226,0.8571691263384459,0.9586999863254521,5.591309377913224
227,0.3633907379286453,0.5151504389161211,17.27405669618272
228,0,0,0
229,0,0.05654684554690019,100
230,1.125299462770049,1.3026800832473018,7.305688417689214
231,0.037353698974184266,0.022683211126856128,24.43578095980977
232,0.022641461196930876,0.14467672565574902,72.93604285006244
233,0.14461932848193296,0.20715732822604324,17.777757151187426
234,0.4717653425659668,0.3510665261738006,14.668709487033615
235,0.5539500219393434,0.5829809347831498,2.553445543210098
236,0.003348139150121077,0.20023721373978462,96.71082511330599
237,0.20023721373978462,0.21913851082731123,4.507007912066831
238,0.7826033219860757,0.7766872912308117,0.37940526962186955
239,0.3098376419126147,0.361447574266521,7.688227166339673
240,0.00013278686634771123,0,100
241,0,0.11108405199945082,100
242,1.1337836699206183,1.468709306870569,12.869415592541047
243,0.00000005725227131338596,0.013650218800344994,99.99916115584634
244,0.00005739717381607044,0.08259920190182593,99.86111895611978
245,0.08318701804633324,0.14420937369616021,26.8352347995607
246,0.5375843620299289,0.5299570730736665,0.7144724041106895
247,0.7267932052276275,0.8612846076975348,8.468816916608178
248,0.015968682310635047,0.21404651727704124,86.11510688053623
249,0.21404651727704124,0.1641175595321488,13.202988016782214
250,0.8518111587666919,0.9362048618472093,4.719963473903411
251,0.40039178323637314,0.5815059513119861,18.44531886601404
252,0.000007832144680436777,0.00007639602047329352,81.40255182778391
253,0,0.11202133732480075,100
254,1.1577656777360816,1.3069617674641134,6.053249012120019
255,0.0001410943529068391,0.03407981355229724,99.17539094346833
256,0,0.05902283440442484,100
257,0.05902283440442484,0.22916093662811954,59.03805811621541
258,0.4971308738413889,0.3241561111847748,21.06142746814667
259,0.5614739815397962,0.5880506185408878,2.311967660302894
260,0.050958272577069225,0.22005084598816566,62.39368413369234
261,0.22005084598816566,0.21914389277916294,0.2065036597542656
262,0.8062452252273531,0.7539558587374572,3.351450465411628
263,0.22734939478328872,0.2696339154194883,8.508237554083419
264,0,0,0
265,0,0.15708145124005435,100
266,1.2792285912980539,1.5572169494665011,9.800588594890362
267,0.002793398856150221,0.14519082225799124,96.22473418433492
268,0,0.040567588698988175,100
269,0.04056489297512603,0.17420122493365614,62.224122342840694
270,0.54434731930352,0.4593482329820171,8.468612432121434
271,0.6993302260810417,0.8533425987499458,9.919177447165586
272,0.04349086428033366,0.23040178167151754,68.24240086535283
273,0.2302500246443292,0.1635765653153058,16.92964899496935
274,0.8405782935232458,0.9130030089691878,4.13010308350129
275,0.295843449139439,0.46469209767597147,22.20128293063384
276,0,0,0
277,0,0.08559269764182022,100
278,1.2084899072767086,1.3000544600592985,3.650106969398691
279,0.00015474637797254116,0.029745803549438343,98.96492620805827
280,0.024377997220711545,0.07132027590430169,49.05237801132334
281,0.043136197910698636,0.13480855309242742,51.517313472268874
282,0.3866651945550388,0.3594564463187802,3.6466906662019745
283,0.5040480357069481,0.4789150942424045,2.5568549520101094
284,0.054979763462111995,0.16086064658993318,49.05517141219771
285,0.16086064658993318,0.1884247129950503,7.891560767925798
286,0.7518837861689527,0.7789744847322987,1.7696411926753408
287,0.25001987888022265,0.27124358775485824,4.071589557511347
288,0,0,0
289,0.009904457218992904,0.004200167685859244,40.44268863308319
290,1.3988668481490332,1.0348535867649764,14.957069684830845
291,0.04658261186069724,0.0805562439462999,26.72167518730565
292,0.044823941611033424,0.051704010506429234,7.12754051492112
293,0.051704010506429234,0.045300786186303454,6.600935766515029
294,0.4226223844703915,0.5770355268915185,15.446598347904656
295,0.7436611005752923,0.5662551716186247,13.543302936418891
296,0.06653063830212724,0.15091622219284825,38.807451024417475
297,0.14885851361897062,0.08351962233267658,28.11748662098298
298,1.0077400781026582,1.1004025903260297,4.395457366860179
299,0.5151504389161211,0.5244762274111245,0.8970324441512477
300,0.028230471679007055,0,100
301,0.000725532403105307,0,100
302,1.3283323484467882,1.0905156555107245,9.831816325249388
303,0.13085327026958213,0.1408080899377634,3.6644223751891865
304,0.1359751492503657,0.0879087172890915,21.4693594068347
305,0.0879087172890915,0.044731913074046545,32.551718200401545
306,0.34871106423882653,0.3901505376643333,5.608556909543946
307,0.5806615408840077,0.4001418243937109,18.405291303133108
308,0.037760590987137764,0.11655453146961078,51.060414059262
309,0.11655453146961078,0.09503252691807232,10.171701764530653
310,0.8703642415806974,0.8931887505281979,1.294234369459264
311,0.36566852165804853,0.348300702909863,2.4325724625870833
312,0.0807114998175366,0,100
313,0,0,0
314,1.468709306870569,1.4121511524433206,1.9632382486418107
315,0.04738970757928035,0.05972797735543314,11.518424603437584
316,0.030235889054394092,0.027605549780485215,4.547499728382864
317,0.027448116739918534,0.038249952987367705,16.44163411845701
318,0.36528681976544536,0.4578789784330321,11.24830002293917
319,0.8533470420514174,0.7715242840319468,5.035645389638235
320,0.082613298023266,0.16867980654547093,34.24945092302082
321,0.16867980654547093,0.1004693654893817,25.342987511496606
322,0.9610019134975933,1.0058316329089867,2.2792838516150793
323,0.5931266989754858,0.6296148787198141,2.9841284871578178
324,0.03764217426267922,0.00018254853105579367,99.03476606001178
325,0,0,0
326,1.3069617674641134,1.275997920855785,1.1987739006669913
327,0.13082725352145438,0.17623352548596632,14.787389034603674
328,0.10593912862796688,0.04312016493056247,42.14360755221079
329,0.04312016493056247,0.08184351938153042,30.98768627392386
330,0.34046561638484474,0.3643751272833582,3.3921862652379002
331,0.5371307784081497,0.36423881132645697,19.18102951893439
332,0.06329716759338444,0.11688456257710982,29.740748372778476
333,0.11688456257710982,0.09643336481752351,9.587191292062409
334,0.8428068600373458,0.9022751577112786,3.407765197801671
335,0.27168632584847413,0.2370645762622075,6.805245836937006
336,0.05415869214378384,0,100
337,0,0.000217509761443358,100
338,1.5574344592279445,1.5718975582597956,0.46217847614208035
339,0.20838920264245162,0.3727098353701992,28.277560618534398
340,0.16161718647128887,0.15874035230523562,0.8980073255151568
341,0.15485372042963683,0.05604154754373934,46.85366999243043
342,0.2714777496367524,0.3190382507107649,8.054057984207581
343,0.8345987390169527,0.8408712032034357,0.3743704395060944
344,0.1305321407100952,0.16597105000938678,11.952285981576468
345,0.14229447150391572,0.06500829185601179,37.281789395984326
346,0.9431799399811603,1.0710193492621876,6.346909661012304
347,0.46469209767597147,0.46369030836722236,0.10790696831694412
348,0.019761214478107907,0.00006283856632281183,99.36603714505834
349,0.0017514926418865117,0,100
350,1.3000544600592985,0.901805597766232,18.086928861698922
351,0.07064973617809259,0.056723931317826125,10.93303281128548
352,0.05845851682946743,0.019703314748440802,49.5832829127055
353,0.013467530231366582,0.00009326269241697353,98.62452449585888
354,0.32203071830072216,0.24192868196350797,14.20351115695283
355,0.4240908429635671,0.09929037726492351,62.058104713204386
356,0.03518456498063835,0.06903936171759777,32.48274922032119
357,0.06903936171759777,0.05188744933809746,14.183713462517963
358,0.8062935630785497,0.8171145913487727,0.6665623947195383
359,0.2715024918350365,0.1791373855004548,20.496434288219447
360,0.023747809033222163,0,100
361,0.0034746352827539364,0.0012468861591638674,47.18286575619562
362,0.9645914328546977,0.5795591094881153,24.934895452771364
363,0.5797910045486676,0.03406173931308054,88.90230933927309
364,0.033077837833627624,0,100
365,0,0,0
366,0.5770326377265439,0.003906648917316147,98.65505776347638
367,0.4986957880655185,0.08894215610143172,69.72892680457579
368,0.07440604275398954,0.0013429800004398176,96.454132471666
369,0.010430238922541718,0.0002810886573896419,94.75156267433579
370,1.1006836789834193,0.1949767574354999,69.9031085684152
371,0.6897360013924593,0.6321090551433807,4.359584049896254
372,0.617948495837677,0.0001645938896525127,99.94674311468631
373,0.0012468861591638674,0,100
374,1.0128050210527602,0.7096181191518607,17.602347229547867
375,0.7181122278589414,0.2514981791351978,48.12386968599895
376,0.2514981791351978,0.0015882759017900347,98.74487482820214
377,0.0015882759017900347,0,100
378,0.3940571865816494,0,100
379,0.3789750553278929,0.12863727699683664,49.31672506547976
380,0.12973390398052365,0.0033630868685702478,94.9464118653391
381,0.004025500621305157,0.0023646640841222684,25.99051219716251
382,0.892686192129603,0.23708443540634383,58.029633692384095
383,0.5188341978043738,0.5358008982208303,1.6087744927512884
384,0.5359654921104828,0,100
385,0,0,0
386,1.3784116636643853,0.7548273347499044,29.231808033605834
387,0.7843194230509434,0.23585080388329416,53.762460880266886
388,0.23585080388329416,0.0005868758677127393,99.50356823977398
389,0.00014320401222545423,0,100
390,0.4498478617685143,0,100
391,0.6889106611340028,0.2138908170540018,52.616201408243604
392,0.2138001223338023,0.007295039210610218,93.40099606011067
393,0.016720362888249754,0.004853839357304548,55.003301609404744
394,0.9990647246027917,0.15649232356898585,72.91482513709305
395,0.7485296630867151,0.6752622724179855,5.1459338153055345
396,0.6739642085051656,0.0004494504369914223,99.86671372056836
397,0,0,0
398,1.1792504808866278,0.7657092060407632,21.262202894249647
399,0.8361610359393293,0.5581452269429015,19.939364571290767
400,0.5587321028106143,0.08293220124210145,74.1509070340032
401,0.08293220124210145,0,100
402,0.36433701971370513,0,100
403,0.301032338453272,0.019419731458406135,87.87979028267252
404,0.019419731458406135,0,100
405,0.005368046305460746,0,100
406,0.9002345082421718,0.25691610231678874,55.59504528236205
407,0.4413025988790882,0.42870603658507284,1.4478663521879775
408,0.42915548702206424,0,100
409,0,0.00010373463334109342,100
410,1.5086991778753351,0.8904281245440832,25.770664720782083
411,1.0988331728728005,0.8125432278045619,14.978208633672669
412,0.8125432278045619,0.30885025120826193,44.9167028365197
413,0.3045213229224742,0.0045221899486973085,97.07342832943888
414,0.2942912461634244,0.008307733451485652,94.50908032666987
415,0.7103353073372543,0.2193000737371617,52.82019634758134
416,0.19304701101356375,0.03747634936455069,67.48585540044154
417,0.008600956002065957,0.000037511531146215207,99.13152347908941
418,1.0710193492621876,0.16815806745842582,72.85972691409387
419,0.6039370266323086,0.5321609746201902,6.317769411880707
420,0.5014634378142618,0.006881943227643912,97.29241437640736
421,0.00010373463334109342,0,100
422,0.8341079044156122,0.59690986895106,16.575477948572935
423,0.5974663142223727,0.10504844519063523,70.09359766948972
424,0.10937737347642296,0.0026772665402299916,95.22149811943153
425,0.0045221899486973085,0,100
426,0.25023641541499364,0,100
427,0.11403545351335417,0,100
428,0.03747416935602246,0.004121650213554282,80.18238247879667
429,0.028093750987209162,0,100
430,0.8250058219838261,0.15080382790910588,69.09154814657708
431,0.3369537797485897,0.319442730791435,2.6677547299494604
432,0.3263246740190789,0,100

metric,value
total_inflow,104.173051
total_outflow,104.173051
global_net_error_percent,0.000000
mean_relative_error_percent,48.234043
max_relative_error_percent,100.000000
